29;93;77;236;86|174;199;28;94;143|24;82;202;252;160
100;132;90;95;117|129;118;249;224;215|11;222;128;18;57
199;82;39;62;90|228;245;11;56;167|60;96;190;227;55
125;66;255;179;96|241;137;230;193;36|80;73;33;117;86
98;50;108;213;67|27;163;14;117;83|193;150;80;245;12
200;7;130;71;56|194;38;6;140;182|151;124;141;230;232
9;97;243;206;56|242;31;93;147;8|165;197;1;162;154
34;63;18;152;80|185;30;88;37;7|255;205;58;132;194
131;54;201;198;87|53;5;152;38;231|128;177;62;143;74
150;37;175;17;151|122;67;192;251;53|118;86;196;103;141
