221:85;-85:221
61:-173;173:61
-36:-169;169:-36
235:234;-234:235
-126:243;-243:-126
128:-43;43:128
-247:198;-198:-247
-188:-237;237:-188
51:156;-156:51
-171:-130;130:-171
185:135;-135:185
-215:-43;43:-215
-176:-157;157:-176
248:205;-205:248
235:-140;140:235
-199:236;-236:-199
-213:66;-66:-213
21:198;-198:21
237:-133;133:237
18:203;-203:18
-145:51;-51:-145
243:-69;69:243
-198:-189;189:-198
-180:31;-31:-180
151:216;-216:151
248:-71;71:248
-195:-199;199:-195
-227:-95;95:-227
-255:-148;148:-255
-176:173;-173:-176
-253:-10;10:-253
-145:53;-53:-145
201:51;-51:201
234:-143;143:234
-21:-206;206:-21
-81:-232;232:-81
99:145;-145:99
144:63;-63:144
181:181;-181:181
247:-94;94:247
-53:152;-152:-53
243:-65;65:243
48:-167;167:48
-230:-247;247:-230
213:-153;153:213
-3:-166;166:-3
-171:-76;76:-171
-227:213;-213:-227
221:239;-239:221
85:-186;186:85
